{"defaultValue": [[0, 1.0, 0, 1.0, 0, 1.0, 0, 1.0, 0], [0, 1.0, 0, 1.0, 0, 1.0, 0, 1.0, 0], [0, 1.0, 0, 1.0, 0, 1.0, 0, 1.0, 0], [0, 1.0, 0, 1.0, 0, 1.0, 0, 1.0, 0], [0, 1.0, 0, 1.0, 0, 1.0, 0, 1.0, 0], [0, 1.0, 0, 1.0, 0, 1.0, 0, 1.0, 0], [0, 1.0, 0, 1.0, 0, 1.0, 0, 1.0, 0], [0, 1.0, 0, 1.0, 0, 1.0, 0, 1.0, 0], [0, 1.0, 0, 1.0, 0, 1.0, 0, 1.0, 0], [0, 1.0, 0, 1.0, 0, 1.0, 0, 1.0, 0], [0, 1.0, 0, 1.0, 0, 1.0, 0, 1.0, 0], [0, 1.0, 0, 1.0, 0, 1.0, 0, 1.0, 0], [0, 1.0, 0, 1.0, 0, 1.0, 0, 1.0, 0], [0, 1.0, 0, 1.0, 0, 1.0, 0, 1.0, 0], [0, 1.0, 0, 1.0, 0, 1.0, 0, 1.0, 0], [0, 1.0, 0, 1.0, 0, 1.0, 0, 1.0, 0]], "value": [[-0.89122787360785, -2.0714463966284, 0.9510418248567, 5.2408091435433, -0.18841394643387, 0.43774885826082, 0.0986930195606, 3.1682557327707, -0.73870229792328], [0, 1.0, 0, 1.0, 0, 1.0, 0, 1.0, 0], [0, 1.0, 0, 1.0, 0, 1.0, 0, 1.0, 0], [0, 1.0, 0, 1.0, 0, 1.0, 0, 1.0, 0], [0, 1.0, 0, 1.0, 0, 1.0, 0, 1.0, 0], [-0.13458139030991, 4.24490685525, 672.3780625918, -250.0253311168, -0.48150230755323, 1.2721534781823, 0, 1.4456139368039, 0], [0, 1.0, 0, 1.0, 0, 1.0, 0, 1.0, 0], [0, 1.0, 0, 1.0, 0, 1.0, 0, 1.0, 0], [0, 1.0, 0, 1.0, 0, 1.0, 0, 1.0, 0], [0, 1.0, 0, 1.0, 0, 1.0, 0, 1.0, 0], [0, 1.0, 0, 1.0, 0, 1.0, 0, 1.0, 0], [0, 1.0, 0, 1.0, 0, 1.0, 0, 1.0, 0], [0, 1.0, 0, 1.0, 0, 1.0, 0, 1.0, 0], [0, 1.0, 0, 1.0, 0, 1.0, 0, 1.0, 0], [0, 1.0, 0, 1.0, 0, 1.0, 0, 1.0, 0], [0, 1.0, 0, 1.0, 0, 1.0, 0, 1.0, 0]], "step": [[0.25, 0.25, 0.25, 0.25, 0.25, 0.25, 0.25, 0.25, 0.25], [0.25, 0.25, 0.25, 0.25, 0.25, 0.25, 0.25, 0.25, 0.25], [0.25, 0.25, 0.25, 0.25, 0.25, 0.25, 0.25, 0.25, 0.25], [0.25, 0.25, 0.25, 0.25, 0.25, 0.25, 0.25, 0.25, 0.25], [0.25, 0.25, 0.25, 0.25, 0.25, 0.25, 0.25, 0.25, 0.25], [0.25, 0.25, 0.77, 0.9, 0.25, 0.25, 0.25, 0.25, 0.25], [0.25, 0.25, 0.25, 0.25, 0.25, 0.25, 0.25, 0.25, 0.25], [0.25, 0.25, 0.25, 0.25, 0.25, 0.25, 0.25, 0.25, 0.25], [0.25, 0.25, 0.25, 0.25, 0.25, 0.25, 0.25, 0.25, 0.25], [0.25, 0.25, 0.25, 0.25, 0.25, 0.25, 0.25, 0.25, 0.25], [0.25, 0.25, 0.25, 0.25, 0.25, 0.25, 0.25, 0.25, 0.25], [0.25, 0.25, 0.25, 0.25, 0.25, 0.25, 0.25, 0.25, 0.25], [0.25, 0.25, 0.25, 0.25, 0.25, 0.25, 0.25, 0.25, 0.25], [0.25, 0.25, 0.25, 0.25, 0.25, 0.25, 0.25, 0.25, 0.25], [0.25, 0.25, 0.25, 0.25, 0.25, 0.25, 0.25, 0.25, 0.25], [0.25, 0.25, 0.25, 0.25, 0.25, 0.25, 0.25, 0.25, 0.25]]}